statistic,value
"min",10.000000
"Q1",182.039993
"median",355.145020
"Q3",527.359985
"max",700.000000
"mean",354.899780
