statistic,value
"min",10.000000
"Q1",233.020004
"median",455.720001
"Q3",678.340027
"max",900.000000
"mean",455.537384
