numThreads,meanTime,minTime,maxTime
2,5087.799805,5058.000000,5210.000000
3,3234.300049,3212.000000,3252.000000
4,2618.899902,2561.000000,2659.000000
5,2375.399902,2349.000000,2400.000000
6,2315.500000,2288.000000,2341.000000
7,2318.899902,2279.000000,2340.000000
8,2347.399902,2324.000000,2367.000000
9,2354.800049,2314.000000,2379.000000
10,2354.000000,2314.000000,2385.000000
11,2368.699951,2341.000000,2404.000000
12,2377.000000,2360.000000,2394.000000
