numThreads,meanTime,minTime,maxTime
2,6067.000000,5983.000000,6463.000000
3,3660.899902,3632.000000,3751.000000
4,2890.800049,2859.000000,3042.000000
5,2496.899902,2436.000000,2588.000000
6,2416.300049,2377.000000,2472.000000
7,2300.600098,2255.000000,2406.000000
8,2234.800049,2192.000000,2264.000000
9,2267.199951,2237.000000,2353.000000
10,2268.100098,2225.000000,2346.000000
11,2296.000000,2265.000000,2346.000000
12,2295.000000,2252.000000,2317.000000
